[{"suitName":"Testing_AppComponent","failTest":[],"totalNoOfTestCases":2,"noOfTestCasesPassed":2,"noOfTestCasesFailed":0},{"suitName":"Testing_ViewSolarComponent","failTest":[],"totalNoOfTestCases":6,"noOfTestCasesPassed":6,"noOfTestCasesFailed":0},{"suitName":"Testing_ViewPurchaseComponent","failTest":["ViewPurchaseComponent: Checking Select field binding","ViewPurchaseComponet: Implementation of displayTable method for distributor not made sales","ViewPurchaseComponet: Implementation of displayTable method for distributor made sales"],"totalNoOfTestCases":4,"noOfTestCasesPassed":1,"noOfTestCasesFailed":3},{"suitName":"Testing_AllocationFormComponent","failTest":[],"totalNoOfTestCases":5,"noOfTestCasesPassed":5,"noOfTestCasesFailed":0},{"suitName":"Testing_SolarheaterService","failTest":["SolarheaterService: Implementation of viewpurchase method"],"totalNoOfTestCases":7,"noOfTestCasesPassed":6,"noOfTestCasesFailed":1}]
